# USGS Open-File Report 93-0280, complete 66-row Superior-Algoma Fe table (PDF pp. 95-96).
# Population rule: all published rows with positive tonnage and Fe; rows are ordered by ascending tonnage, then page/name; percentile=rank/66; every fifth rank is HELD_OUT.
# Columns: source_row_ref|deposit_name|country_code|role|tonnage_percentile|tonnage_mt|fe_pct|p_pct
p95:Mount-Hale|Mount Hale|AUWA|CALIBRATION|0.01515151515151515|1.4|65|0.076
p96:Tallering-Peak|Tallering Peak|AUWA|CALIBRATION|0.0303030303030303|4|68|0.02
p95:Fiskefjord|Fiskefjord|NRWY|CALIBRATION|0.04545454545454546|5|29|0.2
p95:Mount-Gibson|Mount Gibson|AUWA|CALIBRATION|0.06060606060606061|5|68|0.039
p95:Amapa|Amapa|BRZL|HELD_OUT|0.07575757575757576|9|60|0
p95:Kusalpur|Kusalpur|INDA|CALIBRATION|0.09090909090909091|9|52|0.37
p96:Ssu-chia-ying|Ssu-chia-ying|CINA|CALIBRATION|0.1060606060606061|12|34|0.02
p95:Fort-Apache|Fort Apache|USAZ|CALIBRATION|0.1212121212121212|14|47|0.22
p95:Mount-Gould|Mount Gould|AUWA|CALIBRATION|0.1363636363636364|15|67|0.07
p95:Guntur|Guntur|INDA|HELD_OUT|0.1515151515151515|20|40|0
p95:Lohara-Pipalgaon-Asola|Lohara- Pipalgaon- Asola|INDA|CALIBRATION|0.1666666666666667|20|65|0
p96:Weld-Range-Wilgie-Mia|Weld Range- Wilgie Mia|AUWA|CALIBRATION|0.1818181818181818|26|67|0.071
p95:Jussaari|Jussaari|FNLD|CALIBRATION|0.196969696969697|30|27|0.003
p96:Sirigao|Sirigao|INDA|CALIBRATION|0.2121212121212121|36|57|0
p95:Chityal-Kalleda|Chityal- Kalleda|INDA|HELD_OUT|0.2272727272727273|38|40|0
p96:Vestpolltind|Vestpolltind|NRWY|CALIBRATION|0.2424242424242424|40|32|0.3
p96:Porkonen|Porkonen|FNLD|CALIBRATION|0.2575757575757576|50|45|0.38
p95:Bahia|Bahia|BRZL|CALIBRATION|0.2727272727272727|51|60|
p96:Pa-pan-ling|Pa-pan-ling|CINA|CALIBRATION|0.2878787878787879|55|33|0
p95:Mount-Philp|Mount Philp|AUQL|HELD_OUT|0.303030303030303|61|55|0.03
p96:Sangalwara|Sangalwara|INDA|CALIBRATION|0.3181818181818182|61|37|0
p95:Koolyanobbing|Koolyanobbing|AUWA|CALIBRATION|0.3333333333333333|70|61|0.118
p96:Norberg|Norberg|SWKN|CALIBRATION|0.3484848484848485|70|49|0.007
p96:Stripa-Striberg|Stripa- Striberg|SWDN|CALIBRATION|0.3636363636363636|70|49|0.007
p95:Gorumahisani-Badampahar|Gorumahisani- Badampahar|INDA|HELD_OUT|0.3787878787878788|86|62|0.04
p95:Moose-Mountain|Moose Mountain|CNON|CALIBRATION|0.3939393939393939|101|25|0.04
p95:Goulais|Goulais|CNON|CALIBRATION|0.4090909090909091|102|64|0.02
p96:Thabazimbi|Thabazimbi|SAFR|CALIBRATION|0.4242424242424243|102|57|0
p96:Vermilion|Vermilion|USMN|CALIBRATION|0.4393939393939394|103|57|0.08
p96:Zalpa|Zalpa|AGTN|HELD_OUT|0.4545454545454545|108|40|0.3
p95:Dhalli-Rajhara|Dhalli-Rajhara|INDA|CALIBRATION|0.4696969696969697|117|68|0.057
p95:Cuyuna|Cuyuna|USMN|CALIBRATION|0.4848484848484849|123|43|0.25
p95:Maria-Luisa|Maria Luisa|VNZL|CALIBRATION|0.5|152|64|0.15
p96:Tonkolili|Tonkolili|SRLN|CALIBRATION|0.5151515151515151|173|60|0.03
p95:Altamira-Frontera|Altamira- Frontera|VNZL|HELD_OUT|0.5303030303030303|200|60|0.15
p95:Fort-Gourand|Fort Gourand|MAUR|CALIBRATION|0.5454545454545454|200|67|0
p96:Relun|Relun|CILE|CALIBRATION|0.5606060606060606|203|40|0.02
p96:Santa-Barbara|Santa Barbara|VNZL|CALIBRATION|0.5757575757575758|203|65|0.1
p95:Iron-Monarch-Iron-Knob|Iron Monarch- Iron Knob|AUSA|CALIBRATION|0.5909090909090909|228|64|0.02
p95:El-Pao|El Pao|VNZL|HELD_OUT|0.6060606060606061|254|65|0.03
p95:Los-Castillos|Los Castillos|VNZL|CALIBRATION|0.6212121212121212|254|45|0
p95:Bicholim|Bicholim|INDA|CALIBRATION|0.6363636363636364|269|60|0.04
p96:Piacoa|Piacoa|VNZL|CALIBRATION|0.6515151515151515|274|45|0
p96:Pen-ch-i-hu|Pen-ch'i-hu|CINA|CALIBRATION|0.6666666666666666|289|33|0.04
p96:Sydvaranger|Sydvaranger|NRWY|HELD_OUT|0.6818181818181818|300|30|0.04
p95:Bellary|Bellary|INDA|CALIBRATION|0.696969696969697|305|60|0.06
p95:Kudremukh-Maddur-Sargur|Kudremukh- Maddur-Sargur|INDA|CALIBRATION|0.7121212121212122|305|40|0
p95:Menominee|Menominee|USMN|CALIBRATION|0.7272727272727273|313|37|0.02
p95:Gogebic|Gogebic|USMN|CALIBRATION|0.7424242424242424|325|53|0.75
p95:Marquette|Marquette|USMN|HELD_OUT|0.7575757575757576|338|51|0.12
p95:Kung-changling|Kung-changling|CINA|CALIBRATION|0.7727272727272727|398|34|0.08
p96:Musan|Musan|NKOR|CALIBRATION|0.7878787878787878|404|36|0.1
p96:Mutum|Mutum|BOLV|CALIBRATION|0.803030303030303|508|50|0.01
p95:Krivoi-Rog|Krivoi-Rog|URRS|CALIBRATION|0.8181818181818182|600|63|0.03
p96:Rowghat|Rowghat|INDA|HELD_OUT|0.8333333333333334|752|65|0
p95:Burnt-Hill-Knob-Lake|Burnt Hill- Knob Lake|CNQU|CALIBRATION|0.8484848484848485|817|55|0.08
p95:Labrador-Quebec|Labrador Quebec|CNQU|CALIBRATION|0.8636363636363636|830|55|0
p95:An-shan|An-shan|CINA|CALIBRATION|0.8787878787878788|883|28|0.03
p95:Kanjamalai-Godumalai|Kanjamalai- Godumalai|INDA|CALIBRATION|0.8939393939393939|1016|37|0.017
p95:Mato-Grosso|Mato Grosso|BRZL|HELD_OUT|0.9090909090909091|1321|50|0.05
p95:Cerro-Bolivar|Cerro Bolivar|VNZL|CALIBRATION|0.9242424242424242|1400|63|0.15
p95:Kemmangundi-Hiriyur|Kemmangundi- Hiriyur|INDA|CALIBRATION|0.9393939393939394|2804|64|0.05
p95:Bailadila|Bailadila|INDA|CALIBRATION|0.9545454545454546|3600|57|0.06
p96:Noamundi-Joda-Gua|Noamundi-Joda- Gua|INDA|CALIBRATION|0.9696969696969697|8128|64|0.07
p95:Mesabi|Mesabi|USMN|HELD_OUT|0.9848484848484849|50500|22|0
p95:Minas-Gerais|Minas Gerais|BRZL|CALIBRATION|1|51250|30|0
