# USGS Open-File Report 93-0280, complete 83-row Placer Pt-Au table (PDF pp. 60-61).
# Population rule: all published rows with positive tonnage; rows are ordered by ascending tonnage, then page/name; percentile=rank/83; every fifth rank is HELD_OUT. Zero reported grades remain explicit values.
# Columns: source_row_ref|deposit_name|country_code|district|role|tonnage_percentile|tonnage_mt|pt_ppb|au_gpt|os_ppb|ir_ppb|pd_ppb
p60:Kisslaia-Peruonatchainik|Kisslaia- Peruonatchainik|URRS|Jerritt Canyon|CALIBRATION|0.01204819277108434|0.0018|2970|0|0|0|0
p60:Bielgorsky-Log|Bielgorsky Log|URRS|Potosi|CALIBRATION|0.02409638554216868|0.002|8660|0|184|0|0
p61:Nikolai-Tschoudotworsky|Nikolai- Tschoudotworsky|URRS||CALIBRATION|0.03614457831325301|0.0032|1230|0|0|0|0
p60:Arkhangelskii-Log|Arkhangelskii Log|URRS|Carlin-Lynn|CALIBRATION|0.04819277108433735|0.0041|1480|0|0|0|0
p60:Kamenka-R|Kamenka R.|URRS|Jerritt Canyon|HELD_OUT|0.06024096385542169|0.0044|1850|0|0|0|0
p60:Jerusalimsky-Priik|Jerusalimsky-Priik|URRS||CALIBRATION|0.07228915662650602|0.0049|800|0|0|0|0
p61:Verkho-Tourie|Verkho-Tourie|URRS||CALIBRATION|0.08433734939759036|0.008|980|0|0|0|0
p61:Phedinan-R-Triok|Phedinan R.-Triok|URRS||CALIBRATION|0.0963855421686747|0.0086|2750|2.06|0|0|0
p61:Soukhoi-Log|Soukhoi Log|URRS||CALIBRATION|0.108433734939759|0.010|4380|0.023|0|0|0
p60:Gloubokia-2|Gloubokia 2|URRS|Carlin-Lynn|HELD_OUT|0.1204819277108434|0.015|6170|0|0|0|0
p60:Krutoi-Log|Krutoi Log|URRS||CALIBRATION|0.1325301204819277|0.0166|1970|0|2.8|0|0
p61:Panowka|Panowka|URRS||CALIBRATION|0.144578313253012|0.0177|1970|0|0|0|0
p61:Malaia-Sosnowka|Malaia Sosnowka|URRS||CALIBRATION|0.1566265060240964|0.0182|2220|0|0|0|0
p61:Patchek|Patchek|URRS||CALIBRATION|0.1686746987951807|0.0192|1970|0|0|0|0
p61:Small-unnamed-Weressowy|Small unnamed- Weressowy|URRS||HELD_OUT|0.1807228915662651|0.0218|1850|0|0|0|0
p61:Molitchowka|Molitchowka|URRS||CALIBRATION|0.1927710843373494|0.0264|2833|0|0|0|0
p61:Malomalsky-Priisk|Malomalsky-Priisk|URRS||CALIBRATION|0.2048192771084337|0.03|1280|0|0|0|0
p61:Pestchanka-R|Pestchanka R.|URRS||CALIBRATION|0.2168674698795181|0.031|2290|0|0|0|0
p61:Suftlii-Bor-Log1|Suftlii Bor Log1|URRS||CALIBRATION|0.2289156626506024|0.031|4570|0|0|0|0
p60:Illinsky-Log|Illinsky Log|URRS||HELD_OUT|0.2409638554216867|0.033|3430|0|0|0|0
p61:Melnitschnaia|Melnitschnaia|URRS||CALIBRATION|0.2530120481927711|0.033|2220|0|0|0|0
p60:Aleksandrovskii-Log|Aleksandrovskii Log|URRS||CALIBRATION|0.2650602409638554|0.0355|4280|0|0|0|0
p60:Anianowsky-Lojok|Anianowsky Lojok|URRS|Carlin-Lynn|CALIBRATION|0.2771084337349398|0.038|7300|0|0|0|0
p60:Lojok-No-l-2-Omoutnaia|Lojok No. l&2 Omoutnaia|URRS|Imlay|CALIBRATION|0.2891566265060241|0.0409|4340|0|0|0|0
p61:Podmoskowoi-Log|Podmoskowoi-Log|URRS||HELD_OUT|0.3012048192771085|0.0479|1780|0.021|0|0|0
p61:Popretschne-Log|Popretschne-Log|URRS||CALIBRATION|0.3132530120481928|0.0479|5190|0|0|0|0
p61:Zemlianoi-Mostik-Log|Zemlianoi-Mostik Log|URRS||CALIBRATION|0.3253012048192771|0.053|1740|0.021|0|0|0
p61:Podbornaia|Podbornaia|URRS||CALIBRATION|0.3373493975903614|0.058|4110|0|0|0|0
p61:Toura-R|Toura R.|URRS||CALIBRATION|0.3493975903614458|0.058|62|0.011|0|0|0
p60:Main-Valley-of-Kisslaia|Main Valley of Kisslaia|URRS|Carlin-Lynn|HELD_OUT|0.3614457831325301|0.0584|1180|0.59|0|0|0
p60:Alexii-Olginsky-Log|Alexii-Olginsky Log|URRS||CALIBRATION|0.3734939759036144|0.0605|3880|0|0|0|0
p61:Trudny-Log|Trudny-Log|URRS||CALIBRATION|0.3855421686746988|0.065|3890|0.12|0|0|0
p61:Suftlii-Bor-Log-3|Suftlii Bor Log 3|URRS||CALIBRATION|0.3975903614457831|0.066|2290|0|0|0|0
p60:Besimianni-Log|Besimianni Log|URRS|Carlin-Lynn|CALIBRATION|0.4096385542168675|0.0671|1310|0|0|0|0
p60:Ejowka|Ejowka|URRS||HELD_OUT|0.4216867469879518|0.0671|1850|0|0|0|0
p60:Kamenka|Kamenka|URRS|Jerritt Canyon|CALIBRATION|0.4337349397590362|0.077|2220|0|5|0|0
p61:Suftlii-Bor-Log-6|Suftlii Bor Log 6|URRS||CALIBRATION|0.4457831325301205|0.078|4300|0.021|232|0|0
p60:Bolshaya-Ossokina-R|Bolshaya Ossokina R.|URRS|Carlin-Lynn|CALIBRATION|0.4578313253012048|0.0866|2970|0.178|0|0|0
p61:Yermakof-Log|Yermakof-Log|URRS||CALIBRATION|0.4698795180722892|0.087|2290|0|0|0|0
p61:Obodranny-Lojok|Obodranny-Lojok|URRS||HELD_OUT|0.4819277108433735|0.0877|2470|0|0|0|0
p61:Sosnowka|Sosnowka|URRS||CALIBRATION|0.4939759036144578|0.096|2470|0|0|0|0
p61:Travenisty-Log|Travenisty Log|URRS||CALIBRATION|0.5060240963855421|0.101|2510|0.00|101|0|0
p60:Bolshaya-Choumika-R|Bolshaya Choumika R.|URRS|Cortez|CALIBRATION|0.5180722891566265|0.115|2220|0|0|0|0
p60:Bolshoi-Sakciam|Bolshoi Sakciam|URRS|Potosi|CALIBRATION|0.5301204819277109|0.125|1600|0.4|0|0|0
p61:Morphine-Log|Morphine-Log|URRS||HELD_OUT|0.5421686746987951|0.1286|867|0.0087|0|0|0
p61:Suftlii-Bor-Log-7|Suftlii Bor Log 7|URRS||CALIBRATION|0.5542168674698795|0.148|4940|0.049|0|0|0
p61:Srednia-Prostokischenka|Srednia- Prostokischenka|URRS||CALIBRATION|0.5662650602409639|0.152|4570|0|0|0|0
p61:Novoi-Log|Novoi-Log|URRS||CALIBRATION|0.5783132530120482|0.177|463|0.0787|0|0|0
p60:Bolshaya-Kamenouchka|Bolshaya Kamenouchka|URRS|Carlin-Lynn|CALIBRATION|0.5903614457831325|0.197|2060|0.031|100|37|3.7
p61:Suftlii-Bor-Log-2|Suftlii Bor Log 2|URRS||HELD_OUT|0.6024096385542169|0.201|2470|0|84|0|0
p60:Kossoi-Log|Kossoi-Log|URRS||CALIBRATION|0.6144578313253012|0.202|1599|0|0|0|0
p61:Solovyevskii-Log|Solovyevskii Log|URRS||CALIBRATION|0.6265060240963856|0.205|1710|0|25.7|0|0
p61:Sirkov-Log|Sirkov Log|URRS||CALIBRATION|0.6385542168674698|0.213|1730|0|0|26|3.6
p61:Tschachewitaia|Tschachewitaia|URRS||CALIBRATION|0.6506024096385542|0.266|400|0|0|0|0
p61:Tsauch-R|Tsauch R.|URRS||HELD_OUT|0.6626506024096386|0.269|343|0|2|3.4|1.4
p60:Korobowsky-Lojok|Korobowsky Lojok|URRS|Jerritt Canyon|CALIBRATION|0.6746987951807228|0.27|13370|0|0|0|0
p60:Kossia-R|Kossia R.|URRS|Battle Mountain|CALIBRATION|0.6867469879518072|0.299|2100|0|0|0|0
p61:Roublewik-R|Roublewik R.|URRS||CALIBRATION|0.6987951807228916|0.327|2290|0|0|0|0
p61:Malaia-Prostokischenka|Malaia Prostokischenka|URRS||CALIBRATION|0.7108433734939759|0.34|12340|0|247|123|37
p61:Malot-Pokap|Malot Pokap|URRS||HELD_OUT|0.7228915662650602|0.34|3130|0.031|75|0|0
p60:Ivov-R|Ivov R.|URRS|White Pine|CALIBRATION|0.7349397590361446|0.446|2740|0|550|160|5.2
p61:Stepanoff-Log|Stepanoff-Log|URRS||CALIBRATION|0.7469879518072289|0.494|4940|0|0|0|0
p61:Popowsky-Lojok|Popowsky-Lojok|URRS||CALIBRATION|0.7590361445783133|0.561|1850|0|0|0|0
p60:Jourawlik-R|Jourawlik R.|URRS||CALIBRATION|0.7710843373493976|0.575|3750|0.038|0|0|0
p61:Zaetzeff-R|Zaetzeff, R.|URRS||HELD_OUT|0.7831325301204819|0.601|3430|0|0|0|0
p60:Gloubokia-1|Gloubokia 1|URRS||CALIBRATION|0.7951807228915663|0.715|3220|0|0|0|0
p60:Kitlim-Severniy-R|Kitlim, Severniy R.|URRS|Jerritt Canyon|CALIBRATION|0.8072289156626506|1.01|620|0.0004|6|12|2.5
p61:Syssim-R|Syssim R.|URRS||CALIBRATION|0.8192771084337349|1.160|857|0.014|8.6|0|1.9
p60:Bolshaya-Prpstokischenka|Bolshaya Prpstokischenka|URRS|Carlin-Lynn|CALIBRATION|0.8313253012048193|1.21|1370|0|0|0|0
p60:Bobrowka-River|Bobrowka River|URRS|Potosi|HELD_OUT|0.8433734939759037|1.275|2.3|0.0009|0.03|0.04|0.01
p60:Logwinska|Logwinska|URRS|Carlin-Lynn|CALIBRATION|0.8554216867469879|1.3|471|0|0|0|0
p60:Bolshaya-Sosnnvka|Bolshaya Sosnnvka|URRS||CALIBRATION|0.8674698795180723|1.42|2100|0|0|0|0
p61:Martian-R|Martian R.|URRS||CALIBRATION|0.8795180722891566|1.53|3440|0|137|69|6.9
p60:Bolshoi-Pokap-R|Bolshoi Pokap R.|URRS|Potosi|CALIBRATION|0.8915662650602409|2.22|3080|0.154|31|0|15.4
p61:Tschch-R|Tschch R.|URRS||HELD_OUT|0.9036144578313253|2.230|343|0|2.1|0|0.7
p60:Kossorgskii-Log|Kossorgskii Log|URRS||CALIBRATION|0.9156626506024096|2.36|475|0|0|0|0
p60:Lojok-at-Bisserskaya|Lojok at Bisserskaya|URRS|Carlin-Lynn|CALIBRATION|0.927710843373494|2.91|1440|0|0|0|0
p60:Judinsky-Lojok|Judinsky-Lojok|URRS|Jerritt Canyon|CALIBRATION|0.9397590361445783|3.073|570|0|0|0|0
p60:Malaia-Koswa-R|Malaia Koswa R.|URRS||CALIBRATION|0.9518072289156626|3.28|197|0.006|2|4|0
p61:Tilai-R|Tilai R.|URRS||HELD_OUT|0.963855421686747|3.770|18.5|0|0.9|0.2|0.05
p61:Wyssim-R|Wyssim R.|URRS||CALIBRATION|0.9759036144578314|3.880|206|0.0062|1.9|0|0.3
p61:Niasman-R|Niasman R.|URRS||CALIBRATION|0.9879518072289156|5.918|247|0|0|0|0
p60:Lobwa-R|Lobwa R.|URRS||CALIBRATION|1|7.06|165|0|0|0|0
